precision,recall,threshold
0.2658137882018479,1.0,0.004603379583018058
0.26600284495021337,1.0,0.00465437879666138
0.2661921708185053,1.0,0.004919471759803896
0.26638176638176636,1.0,0.005101041120565112
0.26657163221667857,1.0,0.005151971365452766
0.26676176890156916,1.0,0.005227015291218947
0.2669521770164168,1.0,0.005253656886634331
0.2671428571428571,1.0,0.005679791310597912
0.2673338098641887,1.0,0.006039505943225244
0.2675250357653791,1.0,0.006169362740853585
0.2677165354330709,1.0,0.006192698974796985
0.2679083094555874,1.0,0.006304973877617367
0.26810035842293906,1.0,0.006407707776807742
0.2682926829268293,1.0,0.006545467330279785
0.2684852835606604,1.0,0.0067122249016073445
0.2686781609195402,1.0,0.006822258489444569
0.26887131560028754,1.0,0.006870325924380487
0.26906474820143883,1.0,0.0068738386082056535
0.26925845932325415,1.0,0.006978591780021906
0.26945244956772335,1.0,0.007010194006554281
0.26964671953857244,1.0,0.007500239361858759
0.2698412698412698,1.0,0.007592208421187709
0.2700361010830325,1.0,0.007594592776434019
0.2702312138728324,1.0,0.007753974490760075
0.27042660882140274,1.0,0.00790552298307189
0.2706222865412446,1.0,0.007989114966677709
0.27081824764663287,1.0,0.008209035305162624
0.2710144927536232,1.0,0.008230080259431444
0.271211022480058,1.0,0.00826621814358846
0.2714078374455733,1.0,0.008326608394633681
0.2716049382716049,1.0,0.00845055813999798
0.27180232558139533,1.0,0.008638183803154224
0.272,1.0,0.008717378198256596
0.27219796215429404,1.0,0.008719230322027214
0.27239621267297887,1.0,0.008726552238625647
0.2725947521865889,1.0,0.008782172164776158
0.2727935813274982,1.0,0.008884762916033228
0.272992700729927,1.0,0.008967874231639994
0.2731921110299489,1.0,0.009009513693395053
0.2733918128654971,1.0,0.009305198963370884
0.27359180687637163,1.0,0.010105465620247943
0.27379209370424595,1.0,0.010300389344954806
0.273992673992674,1.0,0.010545230694367655
0.27419354838709675,1.0,0.010563770293253866
0.2743947175348496,1.0,0.01068880216970788
0.2745961820851689,1.0,0.010862720386834872
0.2747979426891991,1.0,0.010944583672188878
0.275,1.0,0.011187779617085948
0.27520235467255333,1.0,0.011220520705935759
0.27540500736377027,1.0,0.011553533921950921
0.27560795873249816,1.0,0.011737654082975635
0.275811209439528,1.0,0.012018369386003805
0.27601476014760146,1.0,0.012026293880297124
0.276218611521418,1.0,0.01206817713595893
0.2764227642276423,1.0,0.012323492829008003
0.27662721893491127,1.0,0.01250369024539768
0.2768319763138416,1.0,0.012653828362833014
0.277037037037037,1.0,0.012681431104838431
0.27724240177909565,1.0,0.013013559450821145
0.2774480712166172,1.0,0.013056998114817133
0.27765404602821087,1.0,0.01307924418854948
0.27786032689450224,1.0,0.013085715599505198
0.27806691449814125,1.0,0.013092079136467068
0.27827380952380953,1.0,0.013138336618026197
0.27848101265822783,1.0,0.013382400683719372
0.2779433681073025,0.9973262032085561,0.01363538904156938
0.27815063385533184,0.9973262032085561,0.013672167704322955
0.2783582089552239,0.9973262032085561,0.013704537677480585
0.27856609410007466,0.9973262032085561,0.01379655105664261
0.2787742899850523,0.9973262032085561,0.013882066913022715
0.27898279730740466,0.9973262032085561,0.014086991149900275
0.2791916167664671,0.9973262032085561,0.014212750276094728
0.2794007490636704,0.9973262032085561,0.014214179581888383
0.27961019490254874,0.9973262032085561,0.014249323981725622
0.2798199549887472,0.9973262032085561,0.01443297577550773
0.28003003003003,0.9973262032085561,0.014561195732889203
0.2802404207362885,0.9973262032085561,0.014606328971949316
0.2804511278195489,0.9973262032085561,0.014969183155940455
0.2806621519939804,0.9973262032085561,0.01501621300473704
0.2808734939759036,0.9973262032085561,0.015098076158773361
0.28108515448379806,0.9973262032085561,0.015302320042350732
0.2812971342383107,0.9973262032085561,0.01550509954188795
0.28150943396226413,0.9973262032085561,0.015514131211595455
0.28172205438066467,0.9973262032085561,0.015812087275704323
0.2819349962207105,0.9973262032085561,0.01610596278243873
0.2821482602118003,0.9973262032085561,0.016108937400685065
0.28236184708554124,0.9973262032085561,0.016372113465915283
0.2825757575757576,0.9973262032085561,0.016471033839941356
0.28278999241849884,0.9973262032085561,0.01663648157535297
0.2830045523520486,0.9973262032085561,0.01736714585025088
0.2832194381169324,0.9973262032085561,0.017524795876621396
0.28343465045592703,0.9973262032085561,0.01810923530703815
0.28365019011406845,0.9973262032085561,0.01812009803170677
0.2838660578386606,0.9973262032085561,0.018759187603345766
0.2840822543792841,0.9973262032085561,0.01882092220442432
0.2842987804878049,0.9973262032085561,0.018929187295669787
0.28451563691838294,0.9973262032085561,0.019360384075907677
0.28473282442748094,0.9973262032085561,0.01941002064803829
0.2849503437738732,0.9973262032085561,0.01941469843401342
0.2851681957186544,0.9973262032085561,0.01954292728466047
0.28538638102524866,0.9973262032085561,0.019647424439393112
0.28560490045941805,0.9973262032085561,0.019865241771716908
0.285823754789272,0.9973262032085561,0.019940323094538578
0.2860429447852761,0.9973262032085561,0.020196883177230694
0.28626247122026094,0.9973262032085561,0.02036932730268051
0.28648233486943164,0.9973262032085561,0.020825649376947118
0.28670253651037664,0.9973262032085561,0.020838478680251304
0.28692307692307695,0.9973262032085561,0.021352692131085118
0.28714395688991534,0.9973262032085561,0.021619712806006615
0.28736517719568566,0.9973262032085561,0.02165864241295268
0.28758673862760215,0.9973262032085561,0.02166719911586755
0.28780864197530864,0.9973262032085561,0.02183570809967409
0.28803088803088805,0.9973262032085561,0.02189945083070409
0.2882534775888717,0.9973262032085561,0.02199034694344064
0.288476411446249,0.9973262032085561,0.022314071355823178
0.2886996904024768,0.9973262032085561,0.022456434563830834
0.2889233152594888,0.9973262032085561,0.02285732002201381
0.28914728682170543,0.9973262032085561,0.02299564190438376
0.28937160589604344,0.9973262032085561,0.02318061731483489
0.28959627329192544,0.9973262032085561,0.02325467380432958
0.2898212898212898,0.9973262032085561,0.024426285621254307
0.2900466562986003,0.9973262032085561,0.02470445297983355
0.29027237354085605,0.9973262032085561,0.024895799565624523
0.29049844236760125,0.9973262032085561,0.02504448290966508
0.2907248636009353,0.9973262032085561,0.025109040017047776
0.2909516380655226,0.9973262032085561,0.025342105291307877
0.29117876658860264,0.9973262032085561,0.02541252231581596
0.29140625,0.9973262032085561,0.025807901335168044
0.29163408913213446,0.9973262032085561,0.02581269119104569
0.2918622848200313,0.9973262032085561,0.02633129419559055
0.2920908379013312,0.9973262032085561,0.02704410496418666
0.29231974921630094,0.9973262032085561,0.02766576320677894
0.29254901960784313,0.9973262032085561,0.0277463034626743
0.29277864992150704,0.9973262032085561,0.027977039483405845
0.29300864100549884,0.9973262032085561,0.02800393300259636
0.29323899371069184,0.9973262032085561,0.02815207746676812
0.2934697088906373,0.9973262032085561,0.028536914460094254
0.2937007874015748,0.9973262032085561,0.029673181461354916
0.29393223010244285,0.9973262032085561,0.029789181002535303
0.2941640378548896,0.9973262032085561,0.02980384328388531
0.2943962115232833,0.9973262032085561,0.029942704709699515
0.29462875197472355,0.9973262032085561,0.029981929978826857
0.2940711462450593,0.9946524064171123,0.030437925632739435
0.29430379746835444,0.9946524064171123,0.030452609429261947
0.29453681710213775,0.9946524064171123,0.03061359936451562
0.294770206022187,0.9946524064171123,0.031142299617506277
0.2950039651070579,0.9946524064171123,0.03131395170155808
0.29523809523809524,0.9946524064171123,0.031413405029381024
0.29547259729944403,0.9946524064171123,0.03159549434753756
0.2957074721780604,0.9946524064171123,0.032207527455213374
0.29594272076372313,0.9946524064171123,0.03226023802397586
0.2961783439490446,0.9946524064171123,0.03231997042176217
0.2964143426294821,0.9946524064171123,0.032336280300501875
0.2966507177033493,0.9946524064171123,0.03237420851117094
0.2968874700718276,0.9946524064171123,0.03292213113831129
0.2971246006389776,0.9946524064171123,0.03319854964986382
0.2973621103117506,0.9946524064171123,0.033389313732419816
0.2976,0.9946524064171123,0.033393955071342116
0.2978382706164932,0.9946524064171123,0.033485994882197896
0.2980769230769231,0.9946524064171123,0.03386007653574093
0.2983159582999198,0.9946524064171123,0.03388419912757364
0.2985553772070626,0.9946524064171123,0.03418799601392485
0.2987951807228916,0.9946524064171123,0.03546231103184332
0.2990353697749196,0.9946524064171123,0.03549713404020324
0.29927594529364443,0.9946524064171123,0.035597099035225684
0.2995169082125604,0.9946524064171123,0.03565569724727387
0.2997582594681708,0.9946524064171123,0.03568634032535689
0.3,0.9946524064171123,0.03640619554796367
0.30024213075060535,0.9946524064171123,0.0366954233962784
0.30048465266558966,0.9946524064171123,0.03691847005313714
0.30072756669361356,0.9946524064171123,0.03732334834469485
0.30097087378640774,0.9946524064171123,0.037401694721967485
0.30121457489878545,0.9946524064171123,0.03760751992691407
0.3014586709886548,0.9946524064171123,0.03766943420814273
0.30170316301703165,0.9946524064171123,0.037716708313038035
0.30194805194805197,0.9946524064171123,0.03836541643506326
0.3021933387489846,0.9946524064171123,0.038386909228811016
0.3024390243902439,0.9946524064171123,0.03839721956892507
0.30268510984540276,0.9946524064171123,0.03886592608243148
0.30293159609120524,0.9946524064171123,0.03895471511117881
0.30317848410757947,0.9946524064171123,0.03905468912362901
0.3034257748776509,0.9946524064171123,0.03916233827101968
0.3036734693877551,0.9946524064171123,0.03983185805596529
0.30392156862745096,0.9946524064171123,0.03999893426851242
0.3041700735895339,0.9946524064171123,0.04017312794741438
0.3044189852700491,0.9946524064171123,0.040507294392294405
0.3046683046683047,0.9946524064171123,0.040544227089543756
0.30491803278688523,0.9946524064171123,0.04094898072989849
0.3051681706316653,0.9946524064171123,0.040983861622494844
0.3054187192118227,0.9946524064171123,0.04102902218355863
0.3056696795398521,0.9946524064171123,0.04153854462137641
0.3059210526315789,0.9946524064171123,0.04166675936548985
0.30617283950617286,0.9946524064171123,0.04166687111879534
0.30642504118616143,0.9946524064171123,0.04167793701393788
0.30667765869744434,0.9946524064171123,0.041744136545314774
0.3069306930693069,0.9946524064171123,0.04280736211357591
0.30718414533443433,0.9946524064171123,0.04285150865004321
0.3074380165289256,0.9946524064171123,0.04333766441169112
0.3076923076923077,0.9946524064171123,0.04370759713905766
0.3079470198675497,0.9946524064171123,0.04385955325212826
0.30820215410107704,0.9946524064171123,0.04399062067477293
0.30845771144278605,0.9946524064171123,0.044601109192987494
0.3087136929460581,0.9946524064171123,0.044703238143922436
0.3089700996677741,0.9946524064171123,0.04498874612394926
0.3092269326683292,0.9946524064171123,0.04499084827159055
0.30948419301164726,0.9946524064171123,0.045075565576723146
0.3097418817651957,0.9946524064171123,0.04559317090601056
0.31,0.9946524064171123,0.04559376216973061
0.3102585487906589,0.9946524064171123,0.045773514523148026
0.3105175292153589,0.9946524064171123,0.045784921539518755
0.3107769423558897,0.9946524064171123,0.04623991325721705
0.3110367892976589,0.9946524064171123,0.04665503374652416
0.3112970711297071,0.9946524064171123,0.046778191702648256
0.31155778894472363,0.9946524064171123,0.047165639738758654
0.31181894383906117,0.9946524064171123,0.04734188642576117
0.31208053691275167,0.9946524064171123,0.047667895733776715
0.3123425692695214,0.9946524064171123,0.048110871973216424
0.3126050420168067,0.9946524064171123,0.04852130686871752
0.3128679562657696,0.9946524064171123,0.048892785974059924
0.31313131313131315,0.9946524064171123,0.049068166701632346
0.3133951137320977,0.9946524064171123,0.04920910771417831
0.3136593591905565,0.9946524064171123,0.05028352537991729
0.3139240506329114,0.9946524064171123,0.050513695811276176
0.3141891891891892,0.9946524064171123,0.05056679915369111
0.3144547759932375,0.9946524064171123,0.05151067654042428
0.3147208121827411,0.9946524064171123,0.05151713960436493
0.31498729889923793,0.9946524064171123,0.05153953658693555
0.3152542372881356,0.9946524064171123,0.05171353904289675
0.3155216284987277,0.9946524064171123,0.051820042092874725
0.3157894736842105,0.9946524064171123,0.052654174428849856
0.3160577740016992,0.9946524064171123,0.052912670992404
0.3163265306122449,0.9946524064171123,0.05295480290218108
0.31659574468085105,0.9946524064171123,0.052995802108453734
0.31686541737649065,0.9946524064171123,0.05309467645214751
0.3171355498721228,0.9946524064171123,0.05414624003973193
0.3174061433447099,0.9946524064171123,0.05465671011111762
0.31767719897523483,0.9946524064171123,0.05491082793649295
0.31794871794871793,0.9946524064171123,0.055170654533345194
0.31822070145423437,0.9946524064171123,0.05520799325029251
0.3184931506849315,0.9946524064171123,0.05583547672287583
0.31876606683804626,0.9946524064171123,0.05644796607943233
0.3190394511149228,0.9946524064171123,0.05712880366939121
0.31931330472103003,0.9946524064171123,0.057851840183012294
0.31958762886597936,0.9946524064171123,0.05878181154167545
0.31986242476354254,0.9946524064171123,0.06000626040252922
0.32013769363166955,0.9946524064171123,0.06033040601212744
0.32041343669250644,0.9946524064171123,0.06052368083298537
0.32068965517241377,0.9946524064171123,0.06095149811429611
0.32096635030198445,0.9946524064171123,0.06117803694538473
0.32124352331606215,0.9946524064171123,0.062055599614431814
0.32152117545375974,0.9946524064171123,0.06343726646604307
0.3217993079584775,0.9946524064171123,0.0634374118267455
0.3220779220779221,0.9946524064171123,0.0646119584319948
0.3223570190641248,0.9946524064171123,0.06497046579533021
0.3226366001734605,0.9946524064171123,0.06512450111412775
0.3229166666666667,0.9946524064171123,0.06512638877161564
0.32319721980886185,0.9946524064171123,0.06515132360932277
0.3234782608695652,0.9946524064171123,0.06592085130446616
0.3237597911227154,0.9946524064171123,0.06628289965954112
0.3240418118466899,0.9946524064171123,0.06638021077251906
0.32432432432432434,0.9946524064171123,0.06685461494708979
0.32460732984293195,0.9946524064171123,0.06740519402351657
0.32489082969432315,0.9946524064171123,0.0675222715486559
0.32517482517482516,0.9946524064171123,0.06951000099179358
0.32545931758530183,0.9946524064171123,0.07056503225155454
0.3257443082311734,0.9946524064171123,0.07082503975493391
0.32602979842243646,0.9946524064171123,0.07168681682956476
0.3263157894736842,0.9946524064171123,0.07189728302467255
0.32660228270412645,0.9946524064171123,0.07200204785981751
0.3260105448154657,0.9919786096256684,0.07229744142075394
0.32629727352682497,0.9919786096256684,0.0723316899601211
0.3265845070422535,0.9919786096256684,0.07258257048487195
0.32599118942731276,0.9893048128342246,0.07267255901195527
0.3262786596119929,0.9893048128342246,0.07279683104975132
0.32568402471315094,0.9866310160427807,0.0728004646027643
0.32597173144876324,0.9866310160427807,0.07294331637317218
0.32625994694960214,0.9866310160427807,0.07344448018407437
0.32654867256637166,0.9866310160427807,0.07379344499379817
0.32683790965456155,0.9866310160427807,0.07458940149129076
0.3271276595744681,0.9866310160427807,0.07462952509996744
0.32741792369121564,0.9866310160427807,0.07544210126025123
0.327708703374778,0.9866310160427807,0.07595019077600502
0.328,0.9866310160427807,0.07609127984610664
0.32829181494661924,0.9866310160427807,0.07613928861430647
0.3285841495992876,0.9866310160427807,0.07627579738413372
0.32887700534759357,0.9866310160427807,0.07696461022533972
0.32917038358608386,0.9866310160427807,0.076971225842841
0.3294642857142857,0.9866310160427807,0.07752027738887517
0.3297587131367292,0.9866310160427807,0.07789390308279484
0.3300536672629696,0.9866310160427807,0.07794666481747668
0.3303491495076097,0.9866310160427807,0.07864128238151417
0.33064516129032256,0.9866310160427807,0.07966943040823425
0.3309417040358744,0.9866310160427807,0.07980638583930516
0.33123877917414724,0.9866310160427807,0.08024526068687989
0.33153638814016173,0.9866310160427807,0.08094068856155089
0.3318345323741007,0.9866310160427807,0.08164139572184982
0.3321332133213321,0.9866310160427807,0.0817548279607481
0.3324324324324324,0.9866310160427807,0.08267892667953823
0.3327321911632101,0.9866310160427807,0.08278954579126203
0.33303249097472926,0.9866310160427807,0.08311084307211439
0.3333333333333333,0.9866310160427807,0.08348293127688308
0.3336347197106691,0.9866310160427807,0.08385420288175922
0.3339366515837104,0.9866310160427807,0.08387529470297234
0.3342391304347826,0.9866310160427807,0.08427801183088669
0.3345421577515866,0.9866310160427807,0.08525484742923993
0.33484573502722326,0.9866310160427807,0.08570281320721239
0.335149863760218,0.9866310160427807,0.086123217379898
0.33545454545454545,0.9866310160427807,0.08622091704390117
0.33575978161965425,0.9866310160427807,0.0863002409948242
0.3360655737704918,0.9866310160427807,0.08660690819588947
0.33637192342752964,0.9866310160427807,0.08679975966111463
0.33667883211678834,0.9866310160427807,0.08708063501755348
0.336986301369863,0.9866310160427807,0.08752149127967629
0.3372943327239488,0.9866310160427807,0.08792002317054712
0.3376029277218664,0.9866310160427807,0.08898703188951629
0.33791208791208793,0.9866310160427807,0.08916358806476099
0.3382218148487626,0.9866310160427807,0.08965001991839874
0.3385321100917431,0.9866310160427807,0.09004294657306681
0.33884297520661155,0.9866310160427807,0.09008952960849914
0.3391544117647059,0.9866310160427807,0.0910373031088763
0.33946642134314625,0.9866310160427807,0.09180324203667037
0.3397790055248619,0.9866310160427807,0.09195629534008364
0.3400921658986175,0.9866310160427807,0.09218028446666102
0.3404059040590406,0.9866310160427807,0.09229754470943312
0.3407202216066482,0.9866310160427807,0.09241813269772764
0.3410351201478743,0.9866310160427807,0.09256218651363543
0.34135060129509714,0.9866310160427807,0.09336783645552807
0.3416666666666667,0.9866310160427807,0.09397895351422228
0.34198331788693237,0.9866310160427807,0.09466109768567689
0.3423005565862709,0.9866310160427807,0.09478332258627545
0.3426183844011142,0.9866310160427807,0.0950694642017456
0.3429368029739777,0.9866310160427807,0.09547133877520582
0.34325581395348836,0.9866310160427807,0.09599891188486032
0.3435754189944134,0.9866310160427807,0.09619758947830466
0.3429636533084809,0.983957219251337,0.09665177072430445
0.34328358208955223,0.983957219251337,0.09707083934626894
0.34360410830999066,0.983957219251337,0.09728708666241183
0.34392523364485983,0.983957219251337,0.09743708631254289
0.34424695977549113,0.983957219251337,0.09837705540954168
0.3445692883895131,0.983957219251337,0.10214825904794511
0.344892221180881,0.983957219251337,0.10292667827294123
0.3452157598499062,0.983957219251337,0.1030053286177096
0.3455399061032864,0.983957219251337,0.10381065425537024
0.3458646616541353,0.983957219251337,0.10475797519382318
0.34619002822201317,0.983957219251337,0.10481130708317914
0.3465160075329567,0.983957219251337,0.10487561592105485
0.3468426013195099,0.983957219251337,0.10518082813774962
0.3471698113207547,0.983957219251337,0.10525716764141722
0.34749763928234184,0.983957219251337,0.10544064298432466
0.34782608695652173,0.983957219251337,0.10635398920854301
0.34720908230842007,0.9812834224598931,0.10717805352138894
0.3475378787878788,0.9812834224598931,0.10726253402446445
0.34786729857819904,0.9812834224598931,0.10770549498121837
0.34819734345351044,0.9812834224598931,0.10795182415080583
0.34852801519468185,0.9812834224598931,0.10803459299819347
0.3488593155893536,0.9812834224598931,0.10830520578145432
0.3491912464319695,0.9812834224598931,0.10841045118839884
0.3495238095238095,0.9812834224598931,0.10885950866627367
0.34985700667302194,0.9812834224598931,0.10896750227147219
0.3501908396946565,0.9812834224598931,0.10923539354613833
0.35052531041069723,0.9812834224598931,0.10966545831195272
0.34990439770554493,0.9786096256684492,0.10998620768614352
0.35023923444976074,0.9786096256684492,0.1100953354474694
0.3505747126436782,0.9786096256684492,0.11014836139039103
0.35091083413231067,0.9786096256684492,0.11051571595303235
0.3512476007677543,0.9786096256684492,0.11052283986378417
0.3515850144092219,0.9786096256684492,0.11182693125776914
0.35192307692307695,0.9786096256684492,0.1120995708605673
0.35226179018286813,0.9786096256684492,0.1131378098645975
0.35260115606936415,0.9786096256684492,0.11342960473970465
0.35294117647058826,0.9786096256684492,0.11481371280012269
0.3532818532818533,0.9786096256684492,0.11550898199436432
0.3536231884057971,0.9786096256684492,0.11590100809941427
0.3539651837524178,0.9786096256684492,0.11595011346983135
0.3543078412391094,0.9786096256684492,0.11626750212288137
0.3546511627906977,0.9786096256684492,0.11719006418627083
0.35499515033947626,0.9786096256684492,0.11749521166380054
0.3553398058252427,0.9786096256684492,0.11804793678300465
0.3556851311953353,0.9786096256684492,0.11845890923876023
0.3560311284046693,0.9786096256684492,0.1185003039222931
0.3563777994157741,0.9786096256684492,0.12038504129789179
0.3567251461988304,0.9786096256684492,0.12175569281581253
0.3570731707317073,0.9786096256684492,0.12187801526347192
0.357421875,0.9786096256684492,0.12193121027376094
0.35777126099706746,0.9786096256684492,0.12205059631286883
0.35714285714285715,0.9759358288770054,0.1225875773719077
0.3574926542605289,0.9759358288770054,0.12472736991279715
0.35784313725490197,0.9759358288770054,0.12614432454653324
0.35819430814524045,0.9759358288770054,0.12749378653569032
0.35854616895874264,0.9759358288770054,0.12828674937082268
0.35889872173058013,0.9759358288770054,0.130590536562285
0.359251968503937,0.9759358288770054,0.1307847170658216
0.35960591133004927,0.9759358288770054,0.13106458506272375
0.3599605522682446,0.9759358288770054,0.13263417191524984
0.36031589338598224,0.9759358288770054,0.1339597865609076
0.35968379446640314,0.9732620320855615,0.13408820672110927
0.3600395647873393,0.9732620320855615,0.13447911845333915
0.3603960396039604,0.9732620320855615,0.1353437729209147
0.3607532210109019,0.9732620320855615,0.13593425225846112
0.3611111111111111,0.9732620320855615,0.1377634078211114
0.3614697120158888,0.9732620320855615,0.13792357411061826
0.36182902584493043,0.9732620320855615,0.13839676102387258
0.36218905472636814,0.9732620320855615,0.1385154153218282
0.36254980079681276,0.9732620320855615,0.13948287116894734
0.3629112662013958,0.9732620320855615,0.14076524927091857
0.36327345309381237,0.9732620320855615,0.14201823630884508
0.36363636363636365,0.9732620320855615,0.14308089571933638
0.364,0.9732620320855615,0.1436411259854614
0.36436436436436437,0.9732620320855615,0.14366598702426162
0.36472945891783565,0.9732620320855615,0.14380862975290257
0.3650952858575727,0.9732620320855615,0.14387638117206647
0.3654618473895582,0.9732620320855615,0.14437840750316563
0.3658291457286432,0.9732620320855615,0.14627152028503929
0.36619718309859156,0.9732620320855615,0.1464817965798839
0.36656596173212486,0.9732620320855615,0.14665159453206963
0.36693548387096775,0.9732620320855615,0.14743990076388086
0.36730575176589303,0.9732620320855615,0.14944890383508344
0.36767676767676766,0.9732620320855615,0.14960699089847568
0.36804853387259856,0.9732620320855615,0.1499558592350959
0.3684210526315789,0.9732620320855615,0.15009182463077722
0.36879432624113473,0.9732620320855615,0.15048900793788444
0.3691683569979716,0.9732620320855615,0.15057285092054182
0.3695431472081218,0.9732620320855615,0.15146895118751744
0.3699186991869919,0.9732620320855615,0.15537503909322126
0.37029501525940994,0.9732620320855615,0.15772295577031153
0.37067209775967414,0.9732620320855615,0.15778071714423603
0.37104994903160043,0.9732620320855615,0.15802620488631464
0.3704081632653061,0.9705882352941176,0.15925910420369038
0.3707865168539326,0.9705882352941176,0.1615213256158174
0.37116564417177916,0.9705882352941176,0.16155341328942763
0.37154554759467756,0.9705882352941176,0.1623605749491034
0.3719262295081967,0.9705882352941176,0.16264741808174624
0.3723076923076923,0.9705882352941176,0.16331810443523576
0.3726899383983573,0.9705882352941176,0.16356084946247287
0.37307297019527236,0.9705882352941176,0.1639662965834153
0.3734567901234568,0.9705882352941176,0.1644082551766274
0.37384140061791965,0.9705882352941176,0.16448183930379823
0.37422680412371134,0.9705882352941176,0.16484495564200966
0.3746130030959752,0.9705882352941176,0.16557870982921546
0.375,0.9705882352941176,0.1668244450600836
0.375387797311272,0.9705882352941176,0.16730198767910126
0.37577639751552794,0.9705882352941176,0.16785733079411985
0.3761658031088083,0.9705882352941176,0.16821948414771512
0.37655601659751037,0.9705882352941176,0.1688605157591441
0.37694704049844235,0.9705882352941176,0.16920539155413228
0.37733887733887733,0.9705882352941176,0.1693214467848615
0.3777315296566077,0.9705882352941176,0.1694394758808236
0.3770833333333333,0.9679144385026738,0.17012618271380398
0.37643378519290926,0.9652406417112299,0.17032906664654326
0.3768267223382046,0.9652406417112299,0.17089122950637012
0.3772204806687565,0.9652406417112299,0.17115342112609166
0.3776150627615063,0.9652406417112299,0.17192001747724164
0.37801047120418846,0.9652406417112299,0.17374230685354589
0.37840670859538783,0.9652406417112299,0.17736101317517391
0.3777544596012592,0.9625668449197861,0.17843356054413356
0.37815126050420167,0.9625668449197861,0.17944525050579663
0.3785488958990536,0.9625668449197861,0.18135583351932938
0.37894736842105264,0.9625668449197861,0.18189459945965283
0.3793466807165437,0.9625668449197861,0.18287028007174888
0.379746835443038,0.9625668449197861,0.18343648954354808
0.3801478352692714,0.9625668449197861,0.18352192539280524
0.38054968287526425,0.9625668449197861,0.18360944877600782
0.38095238095238093,0.9625668449197861,0.18579034645809162
0.3813559322033898,0.9625668449197861,0.18649412467824805
0.38176033934252385,0.9625668449197861,0.18814814530999305
0.3821656050955414,0.9625668449197861,0.18844848416486726
0.38257173219978746,0.9625668449197861,0.18859233303715706
0.3819148936170213,0.9598930481283422,0.18941287906971424
0.38232161874334397,0.9598930481283422,0.18958548727970165
0.38272921108742003,0.9598930481283422,0.1919717937403176
0.3831376734258271,0.9598930481283422,0.19250362124567102
0.38354700854700857,0.9598930481283422,0.1928167000030981
0.3839572192513369,0.9598930481283422,0.1930008251575621
0.38436830835117775,0.9598930481283422,0.19394478962688136
0.38478027867095393,0.9598930481283422,0.19519307093269173
0.3851931330472103,0.9598930481283422,0.19711562372054856
0.38560687432867885,0.9598930481283422,0.19798902359631615
0.3860215053763441,0.9598930481283422,0.19813104335792664
0.38643702906350913,0.9598930481283422,0.2000866716972611
0.3857758620689655,0.9572192513368984,0.20110884098404716
0.3861920172599784,0.9572192513368984,0.20213089600806933
0.38660907127429806,0.9572192513368984,0.2022154019298347
0.387027027027027,0.9572192513368984,0.20274914790811777
0.3874458874458874,0.9572192513368984,0.20431067174325152
0.38786565547128926,0.9572192513368984,0.2051325381783018
0.3882863340563991,0.9572192513368984,0.20518222283495535
0.38870792616720956,0.9572192513368984,0.20552000051665587
0.38913043478260867,0.9572192513368984,0.20707918236551778
0.3895538628944505,0.9572192513368984,0.20756862181326657
0.3899782135076253,0.9572192513368984,0.2120055011485934
0.3904034896401309,0.9572192513368984,0.21227512108992258
0.39082969432314413,0.9572192513368984,0.21325214197024736
0.3912568306010929,0.9572192513368984,0.21400474165434966
0.3916849015317287,0.9572192513368984,0.21467960729356853
0.39211391018619934,0.9572192513368984,0.21563064129709558
0.3925438596491228,0.9572192513368984,0.2161427591467255
0.3929747530186608,0.9572192513368984,0.2166788680178125
0.3934065934065934,0.9572192513368984,0.21911167473488835
0.39383938393839385,0.9572192513368984,0.21986248634881153
0.394273127753304,0.9572192513368984,0.22094177940918847
0.3947078280044101,0.9572192513368984,0.22340979821499232
0.39514348785871967,0.9572192513368984,0.22439980230004097
0.39558011049723757,0.9572192513368984,0.22468922016799264
0.39601769911504425,0.9572192513368984,0.22537596893891115
0.3953488372093023,0.9545454545454546,0.22595210219618034
0.39578713968957874,0.9545454545454546,0.22652501734935068
0.39622641509433965,0.9545454545454546,0.22777054494740145
0.39666666666666667,0.9545454545454546,0.22948148976612898
0.3971078976640712,0.9545454545454546,0.22985235007400756
0.39643652561247217,0.9518716577540107,0.2301998709748181
0.39687848383500557,0.9518716577540107,0.2305786951156924
0.39732142857142855,0.9518716577540107,0.23099040235251753
0.39776536312849164,0.9518716577540107,0.23210497160486726
0.3970917225950783,0.9491978609625669,0.23365421161144603
0.3975363941769317,0.9491978609625669,0.233762277453576
0.39798206278026904,0.9491978609625669,0.23492345143359622
0.39730639730639733,0.946524064171123,0.23603330051654822
0.39775280898876403,0.946524064171123,0.23634015050599003
0.39707536557930256,0.9438502673796791,0.23675023760448158
0.3975225225225225,0.9438502673796791,0.23678516187875784
0.3979706877113867,0.9438502673796791,0.2399311456159053
0.3972911963882618,0.9411764705882353,0.2410809981074311
0.3977401129943503,0.9411764705882353,0.24136004854966792
0.39819004524886875,0.9411764705882353,0.24173614122688172
0.3986409966024915,0.9411764705882353,0.24266102171511678
0.39909297052154197,0.9411764705882353,0.24429103670712696
0.39841089670828606,0.9385026737967914,0.24788106670354954
0.3977272727272727,0.9358288770053476,0.24936390934309832
0.3981797497155859,0.9358288770053476,0.25399714472707013
0.39749430523917995,0.9331550802139037,0.2540085540649042
0.3979475484606613,0.9331550802139037,0.2541931413373179
0.3984018264840183,0.9331550802139037,0.2554002374168288
0.39885714285714285,0.9331550802139037,0.2568442454263069
0.39931350114416475,0.9331550802139037,0.2576357855600191
0.3997709049255441,0.9331550802139037,0.25801040313913287
0.40022935779816515,0.9331550802139037,0.2587332263637491
0.4006888633754305,0.9331550802139037,0.2612306997323558
0.4011494252873563,0.9331550802139037,0.26283517857373284
0.4016110471806674,0.9331550802139037,0.2630124077710838
0.402073732718894,0.9331550802139037,0.2637412305832822
0.40253748558246827,0.9331550802139037,0.2688894561839541
0.40300230946882215,0.9331550802139037,0.2694509592789052
0.40346820809248557,0.9331550802139037,0.26971364320886015
0.4039351851851852,0.9331550802139037,0.27055859331136367
0.4044032444959444,0.9331550802139037,0.271866800373013
0.4048723897911833,0.9331550802139037,0.27284383204155344
0.40534262485482,0.9331550802139037,0.2736160247628088
0.40581395348837207,0.9331550802139037,0.27398857535244786
0.4062863795110594,0.9331550802139037,0.2740901775204657
0.40675990675990675,0.9331550802139037,0.27545410380062874
0.4072345390898483,0.9331550802139037,0.2767359665228985
0.4077102803738318,0.9331550802139037,0.27956440249434317
0.408187134502924,0.9331550802139037,0.2846154218270069
0.40866510538641687,0.9331550802139037,0.286428314498467
0.4091441969519343,0.9331550802139037,0.286560836081598
0.4096244131455399,0.9331550802139037,0.28676669938768423
0.4101057579318449,0.9331550802139037,0.28717043796929637
0.41058823529411764,0.9331550802139037,0.2885648213825331
0.4110718492343934,0.9331550802139037,0.2893606955581565
0.4115566037735849,0.9331550802139037,0.289965298804848
0.41204250295159384,0.9331550802139037,0.2923376100477869
0.41134751773049644,0.93048128342246,0.2934111285436683
0.41183431952662725,0.93048128342246,0.2947567594533743
0.41232227488151657,0.93048128342246,0.2956142632130024
0.4128113879003559,0.93048128342246,0.29718831084664604
0.41330166270783847,0.93048128342246,0.298667970074586
0.4126040428061831,0.9278074866310161,0.29874336159756226
0.41309523809523807,0.9278074866310161,0.29976761316013834
0.4135876042908224,0.9278074866310161,0.3011532804863388
0.41408114558472553,0.9278074866310161,0.30142814357993564
0.4145758661887694,0.9278074866310161,0.30247324721771707
0.4138755980861244,0.9251336898395722,0.30380161004980877
0.41317365269461076,0.9224598930481284,0.30393540513111883
0.4136690647482014,0.9224598930481284,0.30398390129721053
0.4129651860744298,0.9197860962566845,0.3040673167655616
0.41346153846153844,0.9197860962566845,0.3041896440539836
0.4139590854392298,0.9197860962566845,0.30425252958579224
0.41445783132530123,0.9197860962566845,0.30426823455934277
0.4149577804583836,0.9197860962566845,0.3080094513609859
0.41545893719806765,0.9197860962566845,0.3090562437838476
0.4147521160822249,0.9171122994652406,0.3104392104252505
0.4152542372881356,0.9171122994652406,0.31101496047160365
0.41575757575757577,0.9171122994652406,0.3112190114211053
0.4162621359223301,0.9171122994652406,0.31276485571466284
0.41676792223572295,0.9171122994652406,0.3133797949967762
0.4172749391727494,0.9171122994652406,0.31665783769833916
0.4177831912302071,0.9171122994652406,0.31715439158146747
0.41829268292682925,0.9171122994652406,0.3172734925273885
0.4188034188034188,0.9171122994652406,0.3184119748555453
0.4193154034229829,0.9171122994652406,0.31858634088653615
0.41982864137086906,0.9171122994652406,0.3188334385210028
0.42034313725490197,0.9171122994652406,0.3205331270173294
0.4208588957055215,0.9171122994652406,0.32137609120617977
0.4213759213759214,0.9171122994652406,0.3214956867946951
0.4218942189421894,0.9171122994652406,0.3247513183244685
0.4224137931034483,0.9171122994652406,0.32602134198709337
0.42293464858199753,0.9171122994652406,0.3290115793375129
0.42345679012345677,0.9171122994652406,0.3305094632799783
0.4227441285537701,0.9144385026737968,0.3306477360306477
0.422029702970297,0.9117647058823529,0.3315982822177262
0.4225526641883519,0.9117647058823529,0.3319589322742354
0.4230769230769231,0.9117647058823529,0.33221660235612555
0.4236024844720497,0.9117647058823529,0.3333934257043819
0.42412935323383083,0.9117647058823529,0.3348401568426261
0.4246575342465753,0.9117647058823529,0.33526534855252116
0.4251870324189526,0.9117647058823529,0.33654024586400094
0.4257178526841448,0.9117647058823529,0.33665573551701156
0.42625,0.9117647058823529,0.3367508124478058
0.4267834793491865,0.9117647058823529,0.33797953543013426
0.4273182957393484,0.9117647058823529,0.3400517156154617
0.42785445420326224,0.9117647058823529,0.34096431419495343
0.42839195979899497,0.9117647058823529,0.3413442134571599
0.4289308176100629,0.9117647058823529,0.3416506558458305
0.4282115869017632,0.9090909090909091,0.34281382946386985
0.4274905422446406,0.9064171122994652,0.34368010865712506
0.42676767676767674,0.9037433155080213,0.34592026069480863
0.427307206068268,0.9037433155080213,0.34628087871216123
0.4278481012658228,0.9037433155080213,0.3492493649654603
0.42839036755386567,0.9037433155080213,0.3497996172894934
0.4289340101522843,0.9037433155080213,0.35094898348228154
0.42947903430749684,0.9037433155080213,0.35202796070829256
0.4300254452926209,0.9037433155080213,0.3524480304858442
0.4305732484076433,0.9037433155080213,0.35250588215031364
0.43112244897959184,0.9037433155080213,0.35273842464705113
0.43167305236270753,0.9037433155080213,0.3527457931688994
0.4309462915601023,0.9010695187165776,0.3534624151704521
0.43149807938540335,0.9010695187165776,0.35420575979549285
0.4307692307692308,0.8983957219251337,0.35536990349967196
0.4313222079589217,0.8983957219251337,0.35619701403454573
0.4318766066838046,0.8983957219251337,0.3587453057153891
0.43243243243243246,0.8983957219251337,0.3590320047194696
0.43170103092783507,0.8957219251336899,0.36050274089897083
0.432258064516129,0.8957219251336899,0.3625207896887613
0.43281653746770027,0.8957219251336899,0.3643019314884917
0.4333764553686934,0.8957219251336899,0.36490508483483153
0.4339378238341969,0.8957219251336899,0.36535698420561
0.4345006485084306,0.8957219251336899,0.36545197606364116
0.43506493506493504,0.8957219251336899,0.36624186568361244
0.4343302990897269,0.893048128342246,0.3667603961742345
0.4348958333333333,0.893048128342246,0.3676823900493791
0.43415906127770537,0.8903743315508021,0.36823933815104565
0.4347258485639687,0.8903743315508021,0.36837035240696
0.43529411764705883,0.8903743315508021,0.36874793617469537
0.43586387434554974,0.8903743315508021,0.36888117000361165
0.4351245085190039,0.8877005347593583,0.3689204176810785
0.4356955380577428,0.8877005347593583,0.36969178934700186
0.43626806833114323,0.8877005347593583,0.3698995482783545
0.4368421052631579,0.8877005347593583,0.37071205112602024
0.43610013175230566,0.8850267379679144,0.37139013730734216
0.4366754617414248,0.8850267379679144,0.3715173851813759
0.4372523117569353,0.8850267379679144,0.37172819173310684
0.4365079365079365,0.8823529411764706,0.3731311471095893
0.4370860927152318,0.8823529411764706,0.3735525420615604
0.4376657824933687,0.8823529411764706,0.3740337869289171
0.43824701195219123,0.8823529411764706,0.37404940207209686
0.43882978723404253,0.8823529411764706,0.374406081121692
0.4380825565912117,0.8796791443850267,0.3745799975636203
0.43866666666666665,0.8796791443850267,0.37459563906136806
0.4392523364485981,0.8796791443850267,0.37682123260110617
0.43983957219251335,0.8796791443850267,0.377147849598599
0.4404283801874163,0.8796791443850267,0.37858815679166075
0.4410187667560322,0.8796791443850267,0.3788193698239855
0.44161073825503355,0.8796791443850267,0.37903071732436316
0.4422043010752688,0.8796791443850267,0.37904535247895577
0.4427994616419919,0.8796791443850267,0.3803473708883322
0.44339622641509435,0.8796791443850267,0.38180125621971167
0.44399460188933876,0.8796791443850267,0.3821420273537576
0.4445945945945946,0.8796791443850267,0.38221685225110713
0.44519621109607577,0.8796791443850267,0.38304754339490854
0.44579945799457993,0.8796791443850267,0.38441259675963646
0.44640434192673,0.8796791443850267,0.38509006680600655
0.44565217391304346,0.8770053475935828,0.3859227490091778
0.44625850340136053,0.8770053475935828,0.38596343073227146
0.44686648501362397,0.8770053475935828,0.386173283553605
0.44747612551159616,0.8770053475935828,0.3862121232218875
0.44808743169398907,0.8770053475935828,0.390972477615122
0.4473324213406293,0.8743315508021391,0.3920777391379492
0.44794520547945205,0.8743315508021391,0.3921560538251592
0.448559670781893,0.8743315508021391,0.3938066411813274
0.4491758241758242,0.8743315508021391,0.3939113481785151
0.4497936726272352,0.8743315508021391,0.39456228994592907
0.4490358126721763,0.8716577540106952,0.39619179341264643
0.4496551724137931,0.8716577540106952,0.39665489041455887
0.45027624309392267,0.8716577540106952,0.3982923377317258
0.4508990318118949,0.8716577540106952,0.3994049049763429
0.4515235457063712,0.8716577540106952,0.3995463961311641
0.4521497919556172,0.8716577540106952,0.40258921747829735
0.4527777777777778,0.8716577540106952,0.40263568813330375
0.4534075104311544,0.8716577540106952,0.40473466580106576
0.45264623955431754,0.8689839572192514,0.40553302036639166
0.45327754532775455,0.8689839572192514,0.40719098487274763
0.45391061452513964,0.8689839572192514,0.40899433356920134
0.45454545454545453,0.8689839572192514,0.41022401018674925
0.45518207282913165,0.8689839572192514,0.41111058934682715
0.45582047685834504,0.8689839572192514,0.4113177175281489
0.45646067415730335,0.8689839572192514,0.41189163622658925
0.45569620253164556,0.8663101604278075,0.41297509677804684
0.45492957746478874,0.8636363636363636,0.4135448483748626
0.45557122708039494,0.8636363636363636,0.41374731083169713
0.4562146892655367,0.8636363636363636,0.4138760545239356
0.45544554455445546,0.8609625668449198,0.4141335772026462
0.4546742209631728,0.8582887700534759,0.4150352754313611
0.45390070921985815,0.8556149732620321,0.41516413608183517
0.45376955903271693,0.8529411764705882,0.4154218921804162
0.4544159544159544,0.8529411764705882,0.41593754310349107
0.4550641940085592,0.8529411764705882,0.41606648463862267
0.4542857142857143,0.8502673796791443,0.41631511988841274
0.45493562231759654,0.8502673796791443,0.4163287130878273
0.45558739255014324,0.8502673796791443,0.4165866771926213
0.45480631276901007,0.8475935828877005,0.4170259471342969
0.45545977011494254,0.8475935828877005,0.41736423310369075
0.45611510791366905,0.8475935828877005,0.4178635475427535
0.4553314121037464,0.8449197860962567,0.4182369819395197
0.45454545454545453,0.8422459893048129,0.41824080056690816
0.4552023121387283,0.8422459893048129,0.418264551499906
0.4558610709117221,0.8422459893048129,0.418781203171844
0.45652173913043476,0.8422459893048129,0.4200599821505174
0.45718432510885343,0.8422459893048129,0.4208770710690078
0.4578488372093023,0.8422459893048129,0.4234352101623519
0.4585152838427948,0.8422459893048129,0.42433796421520553
0.45918367346938777,0.8422459893048129,0.4248033994157443
0.45985401459854014,0.8422459893048129,0.42848526531034004
0.4605263157894737,0.8422459893048129,0.4297307222173277
0.4612005856515373,0.8422459893048129,0.43002181534956135
0.46187683284457476,0.8422459893048129,0.43031647473606627
0.46255506607929514,0.8422459893048129,0.4334250955467013
0.4632352941176471,0.8422459893048129,0.4342570111135057
0.4639175257731959,0.8422459893048129,0.43448204368164944
0.4646017699115044,0.8422459893048129,0.4361514946098088
0.4638109305760709,0.839572192513369,0.43652825157262415
0.46449704142011833,0.839572192513369,0.4379072955387656
0.4651851851851852,0.839572192513369,0.43913041568670624
0.4658753709198813,0.839572192513369,0.43918779008023423
0.46656760772659733,0.839572192513369,0.43950032117707694
0.46726190476190477,0.839572192513369,0.44056884086989023
0.46795827123695977,0.839572192513369,0.44220772125648133
0.46865671641791046,0.839572192513369,0.4432172056269604
0.4678624813153961,0.8368983957219251,0.4435635761339694
0.468562874251497,0.8368983957219251,0.44357563209689954
0.46926536731634183,0.8368983957219251,0.44404342268606367
0.46846846846846846,0.8342245989304813,0.4448436196788627
0.4691729323308271,0.8342245989304813,0.445577243364737
0.46987951807228917,0.8342245989304813,0.4461575974043658
0.46907993966817496,0.8315508021390374,0.4485139172685969
0.4697885196374622,0.8315508021390374,0.44859816689016574
0.47049924357034795,0.8315508021390374,0.44956725852993534
0.4696969696969697,0.8288770053475936,0.4496739932488959
0.47040971168437024,0.8288770053475936,0.4511537751175794
0.47112462006079026,0.8288770053475936,0.4522699761771699
0.471841704718417,0.8288770053475936,0.45348596671177227
0.4725609756097561,0.8288770053475936,0.45565980113480375
0.4732824427480916,0.8288770053475936,0.4557049372790732
0.4740061162079511,0.8288770053475936,0.45602856725469504
0.47473200612557426,0.8288770053475936,0.4568481350827337
0.4754601226993865,0.8288770053475936,0.4570102705434544
0.47619047619047616,0.8288770053475936,0.45768555423817436
0.47692307692307695,0.8288770053475936,0.45825059243713184
0.4776579352850539,0.8288770053475936,0.4590078317402176
0.47685185185185186,0.8262032085561497,0.45901598157713785
0.4775888717156105,0.8262032085561497,0.4625397631324768
0.47678018575851394,0.8235294117647058,0.46295166163727614
0.47751937984496123,0.8235294117647058,0.4639654172079831
0.4782608695652174,0.8235294117647058,0.4653641648586697
0.47900466562986005,0.8235294117647058,0.4658431044853054
0.4797507788161994,0.8235294117647058,0.46827602361094367
0.48049921996879874,0.8235294117647058,0.4686533325514511
0.48125,0.8235294117647058,0.4705758544512929
0.48200312989045385,0.8235294117647058,0.47107365146356817
0.4827586206896552,0.8235294117647058,0.4723352406995872
0.48194662480376765,0.820855614973262,0.4726625150987809
0.4811320754716981,0.8181818181818182,0.47393135490510396
0.48031496062992124,0.8155080213903744,0.47438840436312113
0.4810725552050473,0.8155080213903744,0.4752913502549371
0.48183254344391785,0.8155080213903744,0.476376840430426
0.4825949367088608,0.8155080213903744,0.4773036514765463
0.48177496038034867,0.8128342245989305,0.4778333283781317
0.48253968253968255,0.8128342245989305,0.4780147527852825
0.48171701112877585,0.8101604278074866,0.4782306188364978
0.482484076433121,0.8101604278074866,0.47854338921065054
0.48325358851674644,0.8101604278074866,0.47942265346432816
0.48242811501597443,0.8074866310160428,0.47982447900099573
0.4832,0.8074866310160428,0.48008942515755804
0.483974358974359,0.8074866310160428,0.4805292853959246
0.48475120385232745,0.8074866310160428,0.480614922449557
0.48392282958199356,0.8048128342245989,0.4835961657609007
0.48470209339774556,0.8048128342245989,0.48398791923888224
0.4854838709677419,0.8048128342245989,0.4863088732672375
0.4862681744749596,0.8048128342245989,0.48716040062906335
0.48705501618122976,0.8048128342245989,0.48745667015443583
0.4878444084278768,0.8048128342245989,0.4888618119382771
0.48863636363636365,0.8048128342245989,0.48896767316612594
0.4894308943089431,0.8048128342245989,0.4890979731862253
0.49022801302931596,0.8048128342245989,0.4909036519108414
0.4893964110929853,0.8021390374331551,0.4955776113122547
0.49019607843137253,0.8021390374331551,0.49687843210773064
0.4909983633387889,0.8021390374331551,0.49724048086442885
0.4918032786885246,0.8021390374331551,0.5000544511742115
0.4909688013136289,0.7994652406417112,0.50050989912866
0.4901315789473684,0.7967914438502673,0.500736732581594
0.49093904448105435,0.7967914438502673,0.500937324438959
0.4900990099009901,0.7941176470588235,0.5019921502896771
0.48925619834710743,0.7914438502673797,0.5023781341902447
0.4900662251655629,0.7914438502673797,0.5033823275266479
0.49087893864013266,0.7914438502673797,0.5035955211914303
0.49169435215946844,0.7914438502673797,0.5037281037641443
0.4925124792013311,0.7914438502673797,0.503856347544355
0.49333333333333335,0.7914438502673797,0.5062488870698298
0.4941569282136895,0.7914438502673797,0.5082052333308553
0.49331103678929766,0.7887700534759359,0.5086135022530505
0.49246231155778897,0.786096256684492,0.5090998556501344
0.49328859060402686,0.786096256684492,0.5100643937774353
0.492436974789916,0.7834224598930482,0.5107953373588359
0.49158249158249157,0.7807486631016043,0.5108040732539842
0.4924114671163575,0.7807486631016043,0.5124088857161682
0.49324324324324326,0.7807486631016043,0.5125012409775367
0.49238578680203043,0.7780748663101604,0.5125507580467767
0.4915254237288136,0.7754010695187166,0.5136123120145741
0.4923599320882852,0.7754010695187166,0.5154632893636725
0.4931972789115646,0.7754010695187166,0.5159056487508425
0.4940374787052811,0.7754010695187166,0.516773891786005
0.4948805460750853,0.7754010695187166,0.5171869501401302
0.49572649572649574,0.7754010695187166,0.5180566216352672
0.4965753424657534,0.7754010695187166,0.5196850483380459
0.4957118353344768,0.7727272727272727,0.5203196967572371
0.4965635738831615,0.7727272727272727,0.5217794912878905
0.4974182444061962,0.7727272727272727,0.5232185683052084
0.4982758620689655,0.7727272727272727,0.524875938560711
0.4991364421416235,0.7727272727272727,0.5254562866485555
0.5,0.7727272727272727,0.5257187049535761
0.5008665511265165,0.7727272727272727,0.525837366458912
0.5017361111111112,0.7727272727272727,0.5271664820322651
0.5026086956521739,0.7727272727272727,0.5272634501748074
0.5034843205574913,0.7727272727272727,0.5277867018341825
0.5043630017452007,0.7727272727272727,0.5295982275857063
0.5052447552447552,0.7727272727272727,0.5332721695077856
0.5061295971978984,0.7727272727272727,0.5343053455472322
0.5070175438596491,0.7727272727272727,0.5346251739084458
0.507908611599297,0.7727272727272727,0.5348380331720678
0.5070422535211268,0.7700534759358288,0.5349216469610554
0.5061728395061729,0.767379679144385,0.5360973211184458
0.5070671378091873,0.767379679144385,0.5373821795224161
0.5079646017699115,0.767379679144385,0.5384280690587635
0.5088652482269503,0.767379679144385,0.5396288460576983
0.5097690941385435,0.767379679144385,0.5403244197892715
0.5106761565836299,0.767379679144385,0.5403585011074225
0.5115864527629234,0.767379679144385,0.5422952387793196
0.5107142857142857,0.7647058823529411,0.5427606044754941
0.5116279069767442,0.7647058823529411,0.5450204779094198
0.5125448028673835,0.7647058823529411,0.547227634157363
0.5134649910233393,0.7647058823529411,0.5478565805665563
0.5143884892086331,0.7647058823529411,0.5490897137318318
0.5135135135135135,0.7620320855614974,0.5491941665363748
0.5144404332129964,0.7620320855614974,0.5499697285940709
0.515370705244123,0.7620320855614974,0.5518671836339464
0.5144927536231884,0.7593582887700535,0.5520297309477825
0.515426497277677,0.7593582887700535,0.5523765908012745
0.5145454545454545,0.7566844919786097,0.5523928138120917
0.5154826958105647,0.7566844919786097,0.5535643977646958
0.5164233576642335,0.7566844919786097,0.5539109559465508
0.5173674588665448,0.7566844919786097,0.5542451323438329
0.5183150183150184,0.7566844919786097,0.554687728613387
0.5192660550458715,0.7566844919786097,0.5551559079123245
0.5183823529411765,0.7540106951871658,0.5556539053095416
0.5193370165745856,0.7540106951871658,0.5566273245530554
0.5202952029520295,0.7540106951871658,0.55735578430739
0.5212569316081331,0.7540106951871658,0.5579331582138997
0.5203703703703704,0.7513368983957219,0.5593600616628965
0.5213358070500927,0.7513368983957219,0.5593916669376662
0.5223048327137546,0.7513368983957219,0.559833734247438
0.521415270018622,0.7486631016042781,0.5602375381836163
0.5223880597014925,0.7486631016042781,0.5603195756739232
0.5233644859813084,0.7486631016042781,0.5611847486005774
0.5224719101123596,0.7459893048128342,0.561670909063618
0.5234521575984991,0.7459893048128342,0.5617065289182545
0.5244360902255639,0.7459893048128342,0.56285219579424
0.5235404896421846,0.7433155080213903,0.5634671422741109
0.5245283018867924,0.7433155080213903,0.5647174252221917
0.5236294896030246,0.7406417112299465,0.564967422230396
0.5246212121212122,0.7406417112299465,0.5655476909276843
0.523719165085389,0.7379679144385026,0.5666829302822566
0.5247148288973384,0.7379679144385026,0.5697314252480077
0.5257142857142857,0.7379679144385026,0.570717196444139
0.5248091603053435,0.7352941176470589,0.5749909022660257
0.5258126195028681,0.7352941176470589,0.5759777682441779
0.5268199233716475,0.7352941176470589,0.5760951661391405
0.525911708253359,0.732620320855615,0.5775300137915688
0.5269230769230769,0.732620320855615,0.5775651388233874
0.5260115606936416,0.7299465240641712,0.5788629283946097
0.527027027027027,0.7299465240641712,0.5791894245698862
0.528046421663443,0.7299465240641712,0.5804211235740319
0.5290697674418605,0.7299465240641712,0.5805839416233073
0.5300970873786408,0.7299465240641712,0.5808405131373978
0.5311284046692607,0.7299465240641712,0.5817704920684514
0.5321637426900585,0.7299465240641712,0.5821231086763846
0.533203125,0.7299465240641712,0.5822757552124839
0.5342465753424658,0.7299465240641712,0.5828573552105771
0.5352941176470588,0.7299465240641712,0.5845154968250759
0.5343811394891945,0.7272727272727273,0.5847585658320908
0.5354330708661418,0.7272727272727273,0.5864484024064143
0.534516765285996,0.7245989304812834,0.5869397340280488
0.5335968379446641,0.7219251336898396,0.5885688537106591
0.5346534653465347,0.7219251336898396,0.588908883535304
0.5357142857142857,0.7219251336898396,0.5903244094276211
0.536779324055666,0.7219251336898396,0.5907414741333615
0.5378486055776892,0.7219251336898396,0.5923553964361843
0.5389221556886228,0.7219251336898396,0.593181566397134
0.54,0.7219251336898396,0.5939445314619098
0.5410821643286573,0.7219251336898396,0.5941098398806981
0.5421686746987951,0.7219251336898396,0.5950196284883399
0.5412474849094567,0.7192513368983957,0.5980096411882793
0.5423387096774194,0.7192513368983957,0.5996701009369152
0.5414141414141415,0.7165775401069518,0.6001701836698227
0.5425101214574899,0.7165775401069518,0.6003084434552312
0.5436105476673428,0.7165775401069518,0.6006024569186792
0.5447154471544715,0.7165775401069518,0.6016866990171921
0.5458248472505092,0.7165775401069518,0.6035749724467772
0.5469387755102041,0.7165775401069518,0.6045444365044585
0.5480572597137015,0.7165775401069518,0.6067838958400141
0.5491803278688525,0.7165775401069518,0.6070055917946872
0.5503080082135524,0.7165775401069518,0.6080531927290843
0.551440329218107,0.7165775401069518,0.608071442238916
0.5525773195876289,0.7165775401069518,0.6087182713790228
0.5537190082644629,0.7165775401069518,0.608910468130779
0.5527950310559007,0.713903743315508,0.609223806770035
0.553941908713693,0.713903743315508,0.6094079763322143
0.553014553014553,0.7112299465240641,0.6096058855415205
0.5541666666666667,0.7112299465240641,0.6126090357342802
0.5553235908141962,0.7112299465240641,0.6133309025291599
0.5564853556485355,0.7112299465240641,0.6137552381419124
0.5576519916142557,0.7112299465240641,0.6146730478889216
0.5588235294117647,0.7112299465240641,0.6148178902650224
0.56,0.7112299465240641,0.6172157362441202
0.5590717299578059,0.7085561497326203,0.6178093072097747
0.5581395348837209,0.7058823529411765,0.6180384757938729
0.5572033898305084,0.7032085561497327,0.6192012420350287
0.5583864118895966,0.7032085561497327,0.6201853542265144
0.5595744680851064,0.7032085561497327,0.620829060090388
0.5607675906183369,0.7032085561497327,0.6223769386892274
0.561965811965812,0.7032085561497327,0.6229054643977808
0.5610278372591007,0.7005347593582888,0.6243018151902735
0.5622317596566524,0.7005347593582888,0.6246460676576635
0.5634408602150538,0.7005347593582888,0.6265014036718959
0.5625,0.6978609625668449,0.6275573382112037
0.5637149028077754,0.6978609625668449,0.6279955394761907
0.564935064935065,0.6978609625668449,0.6294601427563011
0.5639913232104121,0.6951871657754011,0.6295797381396612
0.5652173913043478,0.6951871657754011,0.6321199939873342
0.5642701525054467,0.6925133689839572,0.6345158758995053
0.5655021834061136,0.6925133689839572,0.6357015966147709
0.5667396061269147,0.6925133689839572,0.6374706889912716
0.5679824561403509,0.6925133689839572,0.6384723560800435
0.567032967032967,0.6898395721925134,0.6389231146100743
0.5682819383259912,0.6898395721925134,0.6397569279888238
0.5673289183222958,0.6871657754010695,0.6398069481231824
0.5663716814159292,0.6844919786096256,0.6405797375793207
0.5676274944567627,0.6844919786096256,0.641376549303874
0.5688888888888889,0.6844919786096256,0.641641813667035
0.5679287305122495,0.6818181818181818,0.6452716754873237
0.5669642857142857,0.679144385026738,0.6453422556502075
0.5682326621923938,0.679144385026738,0.6488303531218321
0.5695067264573991,0.679144385026738,0.649320016638922
0.5707865168539326,0.679144385026738,0.6495665393903187
0.5720720720720721,0.679144385026738,0.6503878522705948
0.5733634311512416,0.679144385026738,0.6504606694803734
0.5746606334841629,0.679144385026738,0.6511888124724206
0.5736961451247166,0.6764705882352942,0.6516861484377237
0.575,0.6764705882352942,0.6517600013138082
0.5763097949886105,0.6764705882352942,0.6522938800715682
0.5753424657534246,0.6737967914438503,0.652679875446617
0.5766590389016019,0.6737967914438503,0.6542898798146843
0.5779816513761468,0.6737967914438503,0.6549041405815204
0.5793103448275863,0.6737967914438503,0.6552415025237116
0.5806451612903226,0.6737967914438503,0.6561590992878368
0.581986143187067,0.6737967914438503,0.6568666290115057
0.5810185185185185,0.6711229946524064,0.657127456736127
0.5823665893271461,0.6711229946524064,0.6587491845199193
0.5837209302325581,0.6711229946524064,0.6592995210831316
0.585081585081585,0.6711229946524064,0.6596652288248765
0.5841121495327103,0.6684491978609626,0.6609183526155917
0.585480093676815,0.6684491978609626,0.6609694875383287
0.5845070422535211,0.6657754010695187,0.6616279274366126
0.5835294117647059,0.6631016042780749,0.6621772487807757
0.5849056603773585,0.6631016042780749,0.6621810124835953
0.5839243498817966,0.660427807486631,0.6624091231797189
0.5853080568720379,0.660427807486631,0.6627049752747166
0.5843230403800475,0.6577540106951871,0.6630033233308924
0.5857142857142857,0.6577540106951871,0.6633033432866217
0.5871121718377088,0.6577540106951871,0.6636023851556943
0.5861244019138756,0.6550802139037433,0.664867406390302
0.5875299760191847,0.6550802139037433,0.6651152116419389
0.5889423076923077,0.6550802139037433,0.6664441419368536
0.5879518072289157,0.6524064171122995,0.6672042354439837
0.5893719806763285,0.6524064171122995,0.6675049084811246
0.5883777239709443,0.6497326203208557,0.6676187560242182
0.587378640776699,0.6470588235294118,0.6680969322138955
0.5863746958637469,0.6443850267379679,0.6697132659142555
0.5878048780487805,0.6443850267379679,0.6708560680406089
0.589242053789731,0.6443850267379679,0.6718272061369571
0.5906862745098039,0.6443850267379679,0.6747268868747603
0.5921375921375921,0.6443850267379679,0.6777990298359143
0.5935960591133005,0.6443850267379679,0.6779162035718979
0.5950617283950618,0.6443850267379679,0.6780137857179277
0.5965346534653465,0.6443850267379679,0.6787267692635588
0.598014888337469,0.6443850267379679,0.6807007477037963
0.5970149253731343,0.6417112299465241,0.682861046370302
0.5985037406483791,0.6417112299465241,0.6852050543473217
0.6,0.6417112299465241,0.6852363199623474
0.5989974937343359,0.6390374331550802,0.6871014106708981
0.6005025125628141,0.6390374331550802,0.6871727162283484
0.6020151133501259,0.6390374331550802,0.6878174016035925
0.6035353535353535,0.6390374331550802,0.6883803241448079
0.6025316455696202,0.6363636363636364,0.6887844141113054
0.6015228426395939,0.6336898395721925,0.689283326754391
0.6030534351145038,0.6336898395721925,0.6901000544177344
0.6020408163265306,0.6310160427807486,0.6910274522590736
0.6010230179028133,0.6283422459893048,0.6915003769211845
0.6025641025641025,0.6283422459893048,0.6915356957241693
0.6041131105398457,0.6283422459893048,0.6923948671721981
0.6056701030927835,0.6283422459893048,0.6930636898759719
0.6046511627906976,0.6256684491978609,0.6931426928893455
0.6062176165803109,0.6256684491978609,0.6942961957596688
0.6051948051948052,0.6229946524064172,0.6948907693006242
0.6067708333333334,0.6229946524064172,0.6954473450632486
0.6057441253263708,0.6203208556149733,0.696534361767454
0.6073298429319371,0.6203208556149733,0.6970975176934879
0.6089238845144357,0.6203208556149733,0.6971007679677814
0.6105263157894737,0.6203208556149733,0.6978858050049358
0.6121372031662269,0.6203208556149733,0.6983082260383132
0.6137566137566137,0.6203208556149733,0.6989504105269069
0.6153846153846154,0.6203208556149733,0.699807422155591
0.6170212765957447,0.6203208556149733,0.7001850024426574
0.616,0.6176470588235294,0.7023695806588847
0.6149732620320856,0.6149732620320856,0.7038653277253656
0.6166219839142091,0.6149732620320856,0.7039815846314622
0.6155913978494624,0.6122994652406417,0.7043611772637832
0.6172506738544474,0.6122994652406417,0.7057331570806402
0.6189189189189189,0.6122994652406417,0.7057387235098828
0.6205962059620597,0.6122994652406417,0.7057823498613119
0.6222826086956522,0.6122994652406417,0.7069372889308935
0.6239782016348774,0.6122994652406417,0.7072363909895321
0.6229508196721312,0.6096256684491979,0.7076145579317754
0.6246575342465753,0.6096256684491979,0.7085425227064106
0.6263736263736264,0.6096256684491979,0.7091928445672502
0.628099173553719,0.6096256684491979,0.7093177338579436
0.6298342541436464,0.6096256684491979,0.7107929430370334
0.628808864265928,0.606951871657754,0.7119211644775141
0.6277777777777778,0.6042780748663101,0.7156137686307352
0.6267409470752089,0.6016042780748663,0.7159889846229618
0.6284916201117319,0.6016042780748663,0.7161961574441187
0.6302521008403361,0.6016042780748663,0.7164741403216488
0.6292134831460674,0.5989304812834224,0.7166028195411338
0.6281690140845071,0.5962566844919787,0.7166491057029795
0.6271186440677966,0.5935828877005348,0.7177743392436527
0.6288951841359773,0.5935828877005348,0.7177927192986774
0.6278409090909091,0.5909090909090909,0.7178452841351712
0.6267806267806267,0.5882352941176471,0.7200728442602855
0.6285714285714286,0.5882352941176471,0.720163834204357
0.6303724928366762,0.5882352941176471,0.7205627887499745
0.632183908045977,0.5882352941176471,0.7207553860375912
0.6340057636887608,0.5882352941176471,0.7220074269276684
0.6358381502890174,0.5882352941176471,0.7227869035781227
0.6347826086956522,0.5855614973262032,0.7242675226874082
0.6366279069767442,0.5855614973262032,0.7253232919065562
0.6384839650145773,0.5855614973262032,0.7254578457879793
0.6374269005847953,0.5828877005347594,0.7272280481377713
0.6363636363636364,0.5802139037433155,0.7274553728137441
0.638235294117647,0.5802139037433155,0.7290301392455255
0.640117994100295,0.5802139037433155,0.7292722057106659
0.6420118343195266,0.5802139037433155,0.7305481967868642
0.6439169139465876,0.5802139037433155,0.7317797433832197
0.6458333333333334,0.5802139037433155,0.7320194732772078
0.6477611940298508,0.5802139037433155,0.7327039708660694
0.6497005988023952,0.5802139037433155,0.7328041440098098
0.6516516516516516,0.5802139037433155,0.7330157763132118
0.6506024096385542,0.5775401069518716,0.7343476232086679
0.649546827794562,0.5748663101604278,0.7343481605268339
0.6484848484848484,0.5721925133689839,0.7373366961815745
0.6504559270516718,0.5721925133689839,0.7376438375701401
0.649390243902439,0.56951871657754,0.7387007906603541
0.6483180428134556,0.5668449197860963,0.7387651755316782
0.647239263803681,0.5641711229946524,0.7389850506773736
0.6461538461538462,0.5614973262032086,0.7390430909164162
0.6481481481481481,0.5614973262032086,0.7392110739563642
0.6470588235294118,0.5588235294117647,0.739966707426481
0.6459627329192547,0.5561497326203209,0.7403900545226539
0.6479750778816199,0.5561497326203209,0.7405182053427476
0.65,0.5561497326203209,0.740922526023027
0.6489028213166145,0.553475935828877,0.7409485988582446
0.6477987421383647,0.5508021390374331,0.7409520967117467
0.6466876971608833,0.5481283422459893,0.7414439656728888
0.6487341772151899,0.5481283422459893,0.7424511817193026
0.6507936507936508,0.5481283422459893,0.7431120878100286
0.6496815286624203,0.5454545454545454,0.7448827266373809
0.6517571884984026,0.5454545454545454,0.7455366171361131
0.6506410256410257,0.5427807486631016,0.7458663863858014
0.6527331189710611,0.5427807486631016,0.7475607671661783
0.6516129032258065,0.5401069518716578,0.7486909878400483
0.6504854368932039,0.5374331550802139,0.7490336884045198
0.6493506493506493,0.5347593582887701,0.7499306101124632
0.6482084690553745,0.5320855614973262,0.7500125745678042
0.6470588235294118,0.5294117647058824,0.7514433707547581
0.6491803278688525,0.5294117647058824,0.7517707293360631
0.6513157894736842,0.5294117647058824,0.7520105610910315
0.6534653465346535,0.5294117647058824,0.7522341412567873
0.652317880794702,0.5267379679144385,0.7529806491614096
0.6511627906976745,0.5240641711229946,0.753007238672945
0.65,0.5213903743315508,0.7540059328064971
0.6521739130434783,0.5213903743315508,0.754034826648882
0.6510067114093959,0.5187165775401069,0.754296814232079
0.6531986531986532,0.5187165775401069,0.7564191224167095
0.6554054054054054,0.5187165775401069,0.7570338363799902
0.6576271186440678,0.5187165775401069,0.7574548240104153
0.6564625850340136,0.516042780748663,0.7577264532487584
0.658703071672355,0.516042780748663,0.7577642696085495
0.6575342465753424,0.5133689839572193,0.7584603929002215
0.6563573883161512,0.5106951871657754,0.7584950974784963
0.6586206896551724,0.5106951871657754,0.7586401588003596
0.657439446366782,0.5080213903743316,0.7589092421939019
0.6597222222222222,0.5080213903743316,0.7590061864575335
0.662020905923345,0.5080213903743316,0.7590704285654674
0.6608391608391608,0.5053475935828877,0.7594818574455854
0.6596491228070176,0.5026737967914439,0.7604648800023618
0.6619718309859155,0.5026737967914439,0.760784026349994
0.6607773851590106,0.5,0.7607976403036024
0.6595744680851063,0.49732620320855614,0.7617153308570053
0.6583629893238434,0.4946524064171123,0.7618799950078481
0.6571428571428571,0.4919786096256685,0.7622338295843252
0.6594982078853047,0.4919786096256685,0.7632367777164294
0.658273381294964,0.4893048128342246,0.7638014327633762
0.6606498194945848,0.4893048128342246,0.7660995626379556
0.6594202898550725,0.48663101604278075,0.7693583149585046
0.6618181818181819,0.48663101604278075,0.7698687932540913
0.6605839416058394,0.4839572192513369,0.7701543405686537
0.663003663003663,0.4839572192513369,0.7704295254897248
0.6654411764705882,0.4839572192513369,0.7710018194718259
0.6678966789667896,0.4839572192513369,0.7714063953427838
0.6703703703703704,0.4839572192513369,0.77149595186629
0.6691449814126395,0.48128342245989303,0.7719567018921779
0.667910447761194,0.4786096256684492,0.7720197790856912
0.6666666666666666,0.47593582887700536,0.7729956080358324
0.6654135338345865,0.4732620320855615,0.7739040528058163
0.6679245283018868,0.4732620320855615,0.7741454292713921
0.6704545454545454,0.4732620320855615,0.7743387389920422
0.6692015209125475,0.47058823529411764,0.7745378054633616
0.6717557251908397,0.47058823529411764,0.7746182955256745
0.6704980842911877,0.4679144385026738,0.7748476402901702
0.6730769230769231,0.4679144385026738,0.7754018251730167
0.6718146718146718,0.46524064171123,0.7762000348508966
0.6705426356589147,0.4625668449197861,0.7763705354318821
0.6731517509727627,0.4625668449197861,0.7768929369865891
0.671875,0.45989304812834225,0.7772702059327714
0.6705882352941176,0.4572192513368984,0.7780948978222166
0.6732283464566929,0.4572192513368984,0.7783341030287138
0.6719367588932806,0.45454545454545453,0.7790720007727518
0.6706349206349206,0.45187165775401067,0.7791426864256829
0.6693227091633466,0.44919786096256686,0.7792463153985109
0.668,0.446524064171123,0.7798479734656077
0.6666666666666666,0.44385026737967914,0.7801258653965696
0.6693548387096774,0.44385026737967914,0.7802168903159288
0.6680161943319838,0.4411764705882353,0.780721199383298
0.6666666666666666,0.4385026737967914,0.7809985704283516
0.6693877551020408,0.4385026737967914,0.7815458282520287
0.6721311475409836,0.4385026737967914,0.7815681132458706
0.6707818930041153,0.4358288770053476,0.7832101768335221
0.6735537190082644,0.4358288770053476,0.7834098690466551
0.6763485477178424,0.4358288770053476,0.7835976584698333
0.675,0.43315508021390375,0.7842566766387524
0.6736401673640168,0.4304812834224599,0.786435301688152
0.6722689075630253,0.42780748663101603,0.7867447854573232
0.6751054852320675,0.42780748663101603,0.787190330058431
0.673728813559322,0.42513368983957217,0.7874671435225156
0.676595744680851,0.42513368983957217,0.787495932800625
0.6794871794871795,0.42513368983957217,0.7880443122863998
0.6824034334763949,0.42513368983957217,0.7888182184078234
0.6853448275862069,0.42513368983957217,0.7898597265628149
0.683982683982684,0.42245989304812837,0.7901948817875797
0.6826086956521739,0.4197860962566845,0.7909011911382575
0.6812227074235808,0.41711229946524064,0.7916143361774965
0.6842105263157895,0.41711229946524064,0.7916602161804865
0.6872246696035242,0.41711229946524064,0.791922052628567
0.6858407079646017,0.4144385026737968,0.7927265754619001
0.6888888888888889,0.4144385026737968,0.7934222395777346
0.6875,0.4117647058823529,0.7942917151080042
0.6860986547085202,0.4090909090909091,0.7955062159327781
0.6846846846846847,0.40641711229946526,0.7957947762341193
0.6832579185520362,0.4037433155080214,0.7961906515217723
0.6818181818181818,0.40106951871657753,0.7962281271832534
0.684931506849315,0.40106951871657753,0.7966214871555617
0.6834862385321101,0.3983957219251337,0.7966218656118049
0.6866359447004609,0.3983957219251337,0.7967779285659745
0.6851851851851852,0.39572192513368987,0.79697482967519
0.6837209302325581,0.393048128342246,0.7974287256067609
0.6869158878504673,0.393048128342246,0.7975866673181866
0.6901408450704225,0.393048128342246,0.7983516416934392
0.6886792452830188,0.39037433155080214,0.8004399253140064
0.6919431279620853,0.39037433155080214,0.8012942047020255
0.6952380952380952,0.39037433155080214,0.8019997674376321
0.6985645933014354,0.39037433155080214,0.8026174401844409
0.6971153846153846,0.3877005347593583,0.802878193666755
0.6956521739130435,0.3850267379679144,0.8029397449825003
0.6941747572815534,0.38235294117647056,0.8032599738715717
0.6926829268292682,0.37967914438502676,0.803816635657275
0.696078431372549,0.37967914438502676,0.8059255636359642
0.6995073891625616,0.37967914438502676,0.8060083497997177
0.698019801980198,0.3770053475935829,0.806945009830024
0.6965174129353234,0.37433155080213903,0.8070121570777599
0.695,0.3716577540106952,0.8070906990253066
0.6934673366834171,0.3689839572192513,0.8073311186135059
0.6919191919191919,0.3663101604278075,0.8074637297532631
0.6954314720812182,0.3663101604278075,0.8083388418030925
0.6938775510204082,0.36363636363636365,0.8089195450687546
0.6923076923076923,0.3609625668449198,0.8091887074191558
0.6958762886597938,0.3609625668449198,0.8105415304993647
0.694300518134715,0.3582887700534759,0.8113828680746357
0.6927083333333334,0.35561497326203206,0.8117715387199101
0.6963350785340314,0.35561497326203206,0.8121707594011238
0.6947368421052632,0.35294117647058826,0.8130978927055951
0.6931216931216931,0.3502673796791444,0.8138964333300642
0.6914893617021277,0.34759358288770054,0.814050396368153
0.6898395721925134,0.3449197860962567,0.8144575510898479
0.6881720430107527,0.3422459893048128,0.8147050926251659
0.6918918918918919,0.3422459893048128,0.8151217502975656
0.6902173913043478,0.339572192513369,0.8164385193287063
0.6939890710382514,0.339572192513369,0.8176683738639668
0.6923076923076923,0.33689839572192515,0.8177354456749012
0.6906077348066298,0.3342245989304813,0.8179416260975974
0.6888888888888889,0.3315508021390374,0.8181460003387458
0.6927374301675978,0.3315508021390374,0.8186352043231816
0.6966292134831461,0.3315508021390374,0.8197306350796911
0.6949152542372882,0.32887700534759357,0.8199404186623624
0.6931818181818182,0.32620320855614976,0.8204621039831403
0.6914285714285714,0.3235294117647059,0.8205887597386365
0.6896551724137931,0.32085561497326204,0.8207790988180371
0.6878612716763006,0.3181818181818182,0.8211668256075866
0.6918604651162791,0.3181818181818182,0.8214026789816455
0.6900584795321637,0.3155080213903743,0.8224127745467912
0.6882352941176471,0.31283422459893045,0.8228262951633053
0.6863905325443787,0.31016042780748665,0.8230808162912169
0.6845238095238095,0.3074866310160428,0.823139808016284
0.688622754491018,0.3074866310160428,0.8231917499861816
0.6867469879518072,0.3048128342245989,0.8237922279539542
0.6909090909090909,0.3048128342245989,0.8243360785186351
0.6890243902439024,0.30213903743315507,0.8243959960001777
0.6932515337423313,0.30213903743315507,0.825568486845144
0.691358024691358,0.2994652406417112,0.8260897787601111
0.6956521739130435,0.2994652406417112,0.8277809521578317
0.7,0.2994652406417112,0.827786887100294
0.6981132075471698,0.2967914438502674,0.8281145096493213
0.6962025316455697,0.29411764705882354,0.8284568600011295
0.7006369426751592,0.29411764705882354,0.829005677758061
0.7051282051282052,0.29411764705882354,0.8291043565689774
0.7032258064516129,0.2914438502673797,0.8292675777736651
0.7012987012987013,0.2887700534759358,0.8313814360312023
0.7058823529411765,0.2887700534759358,0.8317647255941532
0.7039473684210527,0.28609625668449196,0.8321767927603602
0.7019867549668874,0.28342245989304815,0.8321860366561711
0.7,0.2807486631016043,0.8322468671680279
0.697986577181208,0.27807486631016043,0.8324507375300191
0.6959459459459459,0.27540106951871657,0.8325408008408351
0.7006802721088435,0.27540106951871657,0.8329514149840145
0.7054794520547946,0.27540106951871657,0.834524777598135
0.7034482758620689,0.2727272727272727,0.8353585935455643
0.7013888888888888,0.2700534759358289,0.8353900999667483
0.6993006993006993,0.26737967914438504,0.8368523250896867
0.704225352112676,0.26737967914438504,0.8368576089679917
0.7021276595744681,0.2647058823529412,0.8370141078889819
0.7,0.2620320855614973,0.8372327927151813
0.7050359712230215,0.2620320855614973,0.8372607887842414
0.7028985507246377,0.25935828877005346,0.8373200042995634
0.708029197080292,0.25935828877005346,0.8386071181236542
0.7058823529411765,0.25668449197860965,0.8391065331527747
0.7111111111111111,0.25668449197860965,0.8396727313490377
0.7089552238805971,0.2540106951871658,0.840745461093009
0.7142857142857143,0.2540106951871658,0.840753287706549
0.7121212121212122,0.25133689839572193,0.8413630269034014
0.7175572519083969,0.25133689839572193,0.8423171072910524
0.7153846153846154,0.24866310160427807,0.8423872851534773
0.7131782945736435,0.24598930481283424,0.8426712900080923
0.71875,0.24598930481283424,0.8427182257368214
0.7165354330708661,0.24331550802139038,0.8428397434714493
0.7142857142857143,0.24064171122994651,0.84305855441714
0.72,0.24064171122994651,0.843243567250638
0.7258064516129032,0.24064171122994651,0.8434372999848438
0.7317073170731707,0.24064171122994651,0.8436581598826133
0.7295081967213115,0.23796791443850268,0.8439927236016499
0.7272727272727273,0.23529411764705882,0.8443616664322078
0.7333333333333333,0.23529411764705882,0.8445531025651521
0.7310924369747899,0.232620320855615,0.8449359287448639
0.7372881355932204,0.232620320855615,0.8451803597485479
0.7350427350427351,0.22994652406417113,0.8455031291929523
0.7327586206896551,0.22727272727272727,0.8459314899071974
0.7391304347826086,0.22727272727272727,0.8465202033761421
0.7456140350877193,0.22727272727272727,0.8466993930746158
0.7433628318584071,0.22459893048128343,0.8485918359762337
0.7410714285714286,0.22192513368983957,0.848917253297865
0.7387387387387387,0.2192513368983957,0.8498893415830991
0.7363636363636363,0.21657754010695188,0.8501768321107905
0.7339449541284404,0.21390374331550802,0.8503383735410945
0.7314814814814815,0.21122994652406418,0.8509321762670047
0.7289719626168224,0.20855614973262032,0.8510319601907128
0.7264150943396226,0.20588235294117646,0.8512146506798551
0.7333333333333333,0.20588235294117646,0.8519683365063615
0.7307692307692307,0.20320855614973263,0.8522655659165608
0.7281553398058253,0.20053475935828877,0.852529530088473
0.7352941176470589,0.20053475935828877,0.8525385969598066
0.7326732673267327,0.19786096256684493,0.8532626592202096
0.73,0.19518716577540107,0.8535911170071785
0.7272727272727273,0.1925133689839572,0.8543122124461711
0.7244897959183674,0.18983957219251338,0.8553832699062366
0.7216494845360825,0.18716577540106952,0.8556059297224426
0.7291666666666666,0.18716577540106952,0.8557370453035735
0.7368421052631579,0.18716577540106952,0.8560051568240667
0.7340425531914894,0.18449197860962566,0.8560219471997516
0.7311827956989247,0.18181818181818182,0.8561950633441946
0.7362637362637363,0.17914438502673796,0.8562565378882027
0.7444444444444445,0.17914438502673796,0.8563274051686676
0.7528089887640449,0.17914438502673796,0.8566518945602557
0.75,0.17647058823529413,0.8568494851990162
0.7471264367816092,0.17379679144385027,0.8572374726721789
0.7441860465116279,0.1711229946524064,0.8573045839646558
0.75,0.16844919786096257,0.8576147953984273
0.7590361445783133,0.16844919786096257,0.859093799046312
0.7560975609756098,0.1657754010695187,0.8607248236581986
0.7654320987654321,0.1657754010695187,0.8620250311220196
0.7625,0.16310160427807488,0.8622530949525165
0.759493670886076,0.16042780748663102,0.8625656139155026
0.7564102564102564,0.15775401069518716,0.8633305825033692
0.7532467532467533,0.15508021390374332,0.8635609911254418
0.75,0.15240641711229946,0.86402238319176
0.7466666666666667,0.1497326203208556,0.8640548837850953
0.7567567567567568,0.1497326203208556,0.8647602033559623
0.7534246575342466,0.14705882352941177,0.8649789074063234
0.75,0.1443850267379679,0.8666981286119007
0.7464788732394366,0.14171122994652408,0.8667131848110003
0.7428571428571429,0.13903743315508021,0.8672117381246263
0.7391304347826086,0.13636363636363635,0.8674623173368294
0.7352941176470589,0.13368983957219252,0.8680967040444185
0.7313432835820896,0.13101604278074866,0.8692865517248202
0.7424242424242424,0.13101604278074866,0.8693858234913652
0.7384615384615385,0.12834224598930483,0.869440443714608
0.734375,0.12566844919786097,0.8694610665995389
0.7301587301587301,0.12299465240641712,0.8705238940669898
0.7419354838709677,0.12299465240641712,0.8721319465245537
0.7377049180327869,0.12032085561497326,0.8722911185258009
0.75,0.12032085561497326,0.8733050266224693
0.7457627118644068,0.11764705882352941,0.8748806648550068
0.7413793103448276,0.11497326203208556,0.8753303344068918
0.7368421052631579,0.11229946524064172,0.8754846099326875
0.7321428571428571,0.10962566844919786,0.8759353140968923
0.7272727272727273,0.10695187165775401,0.8762601804809365
0.7407407407407407,0.10695187165775401,0.8766487303167343
0.7358490566037735,0.10427807486631016,0.8767707920013155
0.7307692307692307,0.10160427807486631,0.8768316607121533
0.7254901960784313,0.09893048128342247,0.8787004694406012
0.72,0.0962566844919786,0.8794459642886241
0.7346938775510204,0.0962566844919786,0.8795652855955012
0.7291666666666666,0.09358288770053476,0.8796218469728565
0.723404255319149,0.09090909090909091,0.8798386424176514
0.717391304347826,0.08823529411764706,0.8801133921267918
0.7111111111111111,0.0855614973262032,0.8803494378316447
0.7272727272727273,0.0855614973262032,0.8813472877940794
0.7209302325581395,0.08288770053475936,0.8828961884472805
0.7142857142857143,0.08021390374331551,0.8830357799042413
0.7317073170731707,0.08021390374331551,0.8831811973134448
0.725,0.07754010695187166,0.883366069553137
0.717948717948718,0.0748663101604278,0.8834554595055041
0.7368421052631579,0.0748663101604278,0.8841401250209949
0.7297297297297297,0.07219251336898395,0.884337277286858
0.7222222222222222,0.06951871657754011,0.8847942375616094
0.7142857142857143,0.06684491978609626,0.8857456771165916
0.7058823529411765,0.06417112299465241,0.8869086165811392
0.7272727272727273,0.06417112299465241,0.8871835393836482
0.71875,0.06149732620320856,0.8874469829282984
0.7419354838709677,0.06149732620320856,0.8876781572700755
0.7666666666666667,0.06149732620320856,0.8878054588242744
0.7931034482758621,0.06149732620320856,0.8897183666525242
0.7857142857142857,0.058823529411764705,0.891133122303769
0.7777777777777778,0.05614973262032086,0.8937475031937331
0.7692307692307693,0.053475935828877004,0.8959455328943137
0.8,0.053475935828877004,0.8974417422402222
0.7916666666666666,0.05080213903743316,0.8988378536871033
0.782608695652174,0.0481283422459893,0.900268414580954
0.7727272727272727,0.045454545454545456,0.9004326025603181
0.7619047619047619,0.0427807486631016,0.9007688402233305
0.75,0.040106951871657755,0.9031154587948829
0.7368421052631579,0.0374331550802139,0.9033556546652511
0.7222222222222222,0.034759358288770054,0.903391048099376
0.7647058823529411,0.034759358288770054,0.9034437601303068
0.75,0.03208556149732621,0.9042242886062289
0.7333333333333333,0.029411764705882353,0.9049522252449386
0.7142857142857143,0.026737967914438502,0.9050054701472412
0.6923076923076923,0.02406417112299465,0.9065567453478147
0.75,0.02406417112299465,0.9070339319954454
0.8181818181818182,0.02406417112299465,0.9071654211529704
0.8,0.0213903743315508,0.907491989836248
0.8888888888888888,0.0213903743315508,0.9107925926790277
0.875,0.01871657754010695,0.9169888319959906
0.8571428571428571,0.016042780748663103,0.9177003575579462
0.8333333333333334,0.013368983957219251,0.9193582819999799
0.8,0.0106951871657754,0.9194358203174614
0.75,0.008021390374331552,0.9225016401736645
0.6666666666666666,0.0053475935828877,0.9243658417076396
0.5,0.00267379679144385,0.9342150833320705
0.0,0.0,0.9345053420171155
1.0,0.0,
